Workbook

Sheet Phone_specs
A1: Phone | B1: Launch Price | C1: Processor | D1: Display | E1: Rear Camere | F1: Battery /chaing | G1: Launch Date
A2: OnePlus Nord CE4 | B2: 24999 | C2: Snapdragon 7 Gen 3 | D2: 6.7" AMOLED, 120Hz, 1100 nits | E2: 50MP + 8MP (OIS) | F2: 5500mAh, 100W SUPERVOOC | G2: 45383
A3: Redmi Note 13 Pro 5G | B3: 25999 | C3: Snapdragon 7s Gen 2 | D3: 6.67" AMOLED, 120Hz | E3: 200MP main + 8MP + 2MP | F3: 5100mAh, 67W | G3: 45292
A4: Realme 12 Pro 5G | B4: 25999 | C4: Snapdragon 6 Gen 1 | D4: 6.7" AMOLED, 120Hz, 950 nits | E4: 50MP + 32MP telephoto + 8MP | F4: 5000mAh, 67W | G4: 45323
A5: iQOO Z9 5G | B5: 24999 | C5: Dimensity 7200 | D5: AMOLED, 120Hz | E5: 50MP OIS main | F5: 5000mAh, 44–80W | G5: 45383
A6: Poco X6 Pro | B6: 27999 | C6: Dimensity 8300 Ultra | D6: 6.67" AMOLED, 120Hz, 1800 nits | E6: 64MP Main | F6: 5000mAh, 67W | G6: 45292

Sheet formal_rating
A1: Phone | B1: Rating | C1: Review Text | D1: Review Date
A2: OnePlus Nord CE4 | B2: 5 | C2: Fabulous | D2: 45383 | E2: =AVERAGEIF(formal_rating!A:A, "OnePlus Nord CE4", formal_rating!B:B) -> 3.4285714
A3: OnePlus Nord CE4 | B3: 4 | C3: Very Good | D3: 45748 | E3: =AVERAGEIF(formal_rating!A:A, "Redmi Note 13 Pro 5G", formal_rating!B:B) -> 3.4285714
A4: OnePlus Nord CE4 | B4: 4 | C4: Nice | D4: 45778 | E4: =AVERAGEIF(formal_rating!A:A, "Realme 12 Pro 5G", formal_rating!B:B) -> 3.8571429
A5: OnePlus Nord CE4 | B5: 4 | C5: Amezing | D5: 45658 | E5: =AVERAGEIF(formal_rating!A:A, "IQOO Z9 5G", formal_rating!B:B) -> 3.8333333
A6: OnePlus Nord CE4 | B6: 5 | C6: Terrific | D6: 45383 | E6: =AVERAGEIF(formal_rating!A:A, "POCO X6 Pro", formal_rating!B:B) -> 4
A7: OnePlus Nord CE4 | B7: 1 | C7: Very Bad | D7: 45778
A8: OnePlus Nord CE4 | B8: 1 | C8: Did not meet expectations | D8: 45444
A9: Redmi Note 13 Pro 5G | B9: 4 | C9: Delightfull | D9: 45658
A10: Redmi Note 13 Pro 5G | B10: 5 | C10: Awesome | D10: 45292
A11: Redmi Note 13 Pro 5G | B11: 4 | C11: Good | D11: 45352
A12: Redmi Note 13 Pro 5G | B12: 4 | C12: Ver Good | D12: 45413
A13: Redmi Note 13 Pro 5G | B13: 5 | C13: Value for money | D13: 45292
A14: Redmi Note 13 Pro 5G | B14: 1 | C14: Bad Product | D14: 45809
A15: Redmi Note 13 Pro 5G | B15: 1 | C15: Very poor | D15: 45748
A16: Realme 12 Pro 5G | B16: 5 | C16: Highly Recommended | D16: 45323
A17: Realme 12 Pro 5G | B17: 4 | C17: Value for money | D17: 45323
A18: Realme 12 Pro 5G | B18: 4 | C18: Delightfull | D18: 45383
... A33: Poco X6 Pro | B33: 1 | C33: worthless | D33: 45474

Sheet Marketing_angel
A1: Phone | B1: Marketing Angle | C1: Source Article | D1: Date
A2: OnePlus Nord CE4 | B2: Fastest charging in Nord history | C2: https://www.gsmarena.com/oneplus_nord_ce4-12892.php | D2: 45383
A3: Redmi Note 13 Pro 5G | B3: Flagship 200MP camera at mid-range price | C3: https://www.timesnownews.com/technology-science/redmi-note-13-5g-redmi-note-13-pro-5g-redmi-note-13-pro-plus-5g-launched-in-india-price-offers-and-specs-article-106543608 | D3: 45292
A4: Realme 12 Pro 5G | B4: telephoto portrait camera system with cinematic filters | C4: https://www.gadgets360.com/realme-12-pro-5g-price-in-india-123848 | D4: 45292
A5: iQOO Z9 5G | B5: gaming-grade chip at budget price | C5: https://www.cnbctv18.com/technology/iqoo-z9-5g-to-launch-in-india-on-march-12-know-its-features-19139021.htm | D5: 45352
A6: Poco X6 Pro | B6: Flagship performance, mid-range price | C6: https://www.91mobiles.com/poco-x6-pro-price-in-india | D6: 45292

Sheet informal_rating
A1: Phone | B1: Theme | C1: Frequency | D1: Sentiment
A2: OnePlus Nord CE4 | B2: Excellent battery endurance | C2: 18 | D2: positive
A3: OnePlus Nord CE4 | B3: Fast charging experience | C3: 14 | D3: positive
A4: OnePlus Nord CE4 | B4: Smooth everyday performance | C4: 12 | D4: positive
A5: OnePlus Nord CE4 | B5: Good value for money | C5: 8 | D5: positive
A6: OnePlus Nord CE4 | B6: Clean software experience | C6: 7 | D6: positive
A7: OnePlus Nord CE4 | B7: Average camera performance | C7: 5 | D7: negative
A8: OnePlus Nord CE4 | B8: Occasional software bugs | C8: 3 | D8: negative
A9: Redmi Note 13 Pro 5G | B9: High-quality main camera | C9: 16 | D9: positive
A10: Redmi Note 13 Pro 5G | B10: Sharp AMOLED display | C10: 13 | D10: positive
A11: Redmi Note 13 Pro 5G | B11: Premium design | C11: 9 | D11: positive
A12: Redmi Note 13 Pro 5G | B12: Good everyday battery life | C12: 7 | D12: positive
A13: Redmi Note 13 Pro 5G | B13: HyperOS battery drain | C13: 11 | D13: negative
... A45: Poco X6 Pro | B45: Average camera quality | C45: 3 | D45: negative

Sheet master_summary
A1: Phone | B1: Launch Price | C1: Processor | D1: Display | E1: Rear Camere | F1: Battery /chaing | G1: Launch Date | H1: Avg Formal Rating | I1: # Positive Informal Mentions | J1: # Negative Informal Mentions | K1: Sentiment Score | L1: Marketing Angle | M1: Source Article | N1: Date | O1: Value Score
A2: Redmi Note 13 Pro 5G | B2: 25999 | C2: Snapdragon 7s Gen 2 | D2: 6.67" AMOLED, 120Hz | E2: 200MP main + 8MP + 2MP | F2: 5100mAh, 67W | G2: 45292 | H2: =ROUND(AVERAGEIF(formal_rating!A:A, "Redmi Note 13 Pro 5G", formal_rating!B:B),2) -> 3.43 | I2: =SUMIFS(informal_rating!C:C, informal_rating!A:A, "Redmi Note 13 Pro 5G", informal_rating!D:D, "positive") -> 45 | J2: =SUMIFS(informal_rating!C:C, informal_rating!A:A, "Redmi Note 13 Pro 5G", informal_rating!D:D, "negative") -> 34 | K2: =ROUND(I2/(I2+J2),2) -> 0.57 | L2: Flagship 200MP camera at mid-range price | M2: https://www.timesnownews.com/technology-science/redmi-note-13-5g-redmi-note-13-pro-5g-redmi-note-13-pro-plus-5g-launched-in-india-price-offers-and-specs-article-106543608 | N2: 45292 | O2: =ROUND(AVERAGE( (MAX($B$2:$B$6)-B2)/(MAX($B$2:$B$6)-MIN($B$2:$B$6)), (H2-MIN($H$2:$H$6))/(MAX($H$2:$H$6)-MIN($H$2:$H$6)), (K2-MIN($K$2:$K$6))/(MAX($K$2:$K$6)-MIN($K$2:$K$6)) ) * 100,0) -> 25 | P2: =CORREL(B2:B6, H2:H6) -> 0.57317861
A3: Poco X6 Pro | B3: 27999 | C3: Dimensity 8300 Ultra | D3: 6.67" AMOLED, 120Hz, 1800 nits | E3: 64MP Main | F3: 5000mAh, 67W | G3: 45292 | H3: =ROUND(AVERAGEIF(formal_rating!A:A, "POCO X6 Pro", formal_rating!B:B),2) -> 4 | I3: =SUMIFS(informal_rating!C:C, informal_rating!A:A, "Poco X6 Pro", informal_rating!D:D, "positive") -> 75 | J3: =SUMIFS(informal_rating!C:C, informal_rating!A:A, "Poco X6 Pro", informal_rating!D:D, "negative") -> 51 | K3: =ROUND(I3/(I3+J3),2) -> 0.6 | L3: Flagship performance, mid-range price | M3: https://www.91mobiles.com/poco-x6-pro-price-in-india | N3: 45292 | O3: =ROUND(AVERAGE( (MAX($B$2:$B$6)-B3)/(MAX($B$2:$B$6)-MIN($B$2:$B$6)), (H3-MIN($H$2:$H$6))/(MAX($H$2:$H$6)-MIN($H$2:$H$6)), (K3-MIN($K$2:$K$6))/(MAX($K$2:$K$6)-MIN($K$2:$K$6)) ) * 100,0) -> 39 | P3: =CORREL(B2:B6, K2:K6) -> -0.31612328
A4: iQOO Z9 5G | B4: 24999 | C4: Dimensity 7200 | D4: AMOLED, 120Hz | E4: 50MP OIS main | F4: 5000mAh, 44–80W | G4: 45383 | H4: =ROUND(AVERAGEIF(formal_rating!A:A, "IQOO Z9 5G", formal_rating!B:B),2) -> 3.83 | I4: =SUMIFS(informal_rating!C:C, informal_rating!A:A, "IQOO Z9 5G", informal_rating!D:D, "positive") -> 49 | J4: =SUMIFS(informal_rating!C:C, informal_rating!A:A, "IQOO Z9 5G", informal_rating!D:D, "negative") -> 41 | K4: =ROUND(I4/(I4+J4),2) -> 0.54 | L4: gaming-grade chip at budget price | M4: https://www.cnbctv18.com/technology/iqoo-z9-5g-to-launch-in-india-on-march-12-know-its-features-19139021.htm | N4: 45352 | O4: =ROUND(AVERAGE( (MAX($B$2:$B$6)-B4)/(MAX($B$2:$B$6)-MIN($B$2:$B$6)), (H4-MIN($H$2:$H$6))/(MAX($H$2:$H$6)-MIN($H$2:$H$6)), (K4-MIN($K$2:$K$6))/(MAX($K$2:$K$6)-MIN($K$2:$K$6)) ) * 100,0) -> 57
A5: OnePlus Nord CE4 | B5: 24999 | C5: Snapdragon 7 Gen 3 | D5: 6.7" AMOLED, 120Hz, 1100 nits | E5: 50MP + 8MP (OIS) | F5: 5500mAh, 100W SUPERVOOC | G5: 45383 | H5: =ROUND(AVERAGEIF(formal_rating!A:A, "OnePlus Nord CE4", formal_rating!B:B),2) -> 3.43 | I5: =SUMIFS(informal_rating!C:C, informal_rating!A:A, "OnePlus Nord CE4", informal_rating!D:D, "positive") -> 59 | J5: =SUMIFS(informal_rating!C:C, informal_rating!A:A, "OnePlus Nord CE4", informal_rating!D:D, "Negative") -> 8 | K5: =ROUND(I5/(I5+J5),2) -> 0.88 | L5: Fastest charging in Nord history | M5: https://www.gsmarena.com/oneplus_nord_ce4-12892.php | N5: 45383 | O5: =ROUND(AVERAGE( (MAX($B$2:$B$6)-B5)/(MAX($B$2:$B$6)-MIN($B$2:$B$6)), (H5-MIN($H$2:$H$6))/(MAX($H$2:$H$6)-MIN($H$2:$H$6)), (K5-MIN($K$2:$K$6))/(MAX($K$2:$K$6)-MIN($K$2:$K$6)) ) * 100,0) -> 67
A6: Realme 12 Pro 5G | B6: 25999 | C6: Snapdragon 6 Gen 1 | D6: 6.7" AMOLED, 120Hz, 950 nits | E6: 50MP + 32MP telephoto + 8MP | F6: 5000mAh, 67W | G6: 45323 | H6: =ROUND(AVERAGEIF(formal_rating!A:A, "Realme 12 Pro 5G", formal_rating!B:B),2) -> 3.86 | I6: =SUMIFS(informal_rating!C:C, informal_rating!A:A, "Realme 12 Pro 5G", informal_rating!D:D, "positive") -> 57 | J6: =SUMIFS(informal_rating!C:C, informal_rating!A:A, "Realme 12 Pro 5G", informal_rating!D:D, "negative") -> 20 | K6: =ROUND(I6/(I6+J6),2) -> 0.74 | L6: telephoto portrait camera system with cinematic filters | M6: https://www.gadgets360.com/realme-12-pro-5g-price-in-india-123848 | N6: 45292 | O6: =ROUND(AVERAGE( (MAX($B$2:$B$6)-B6)/(MAX($B$2:$B$6)-MIN($B$2:$B$6)), (H6-MIN($H$2:$H$6))/(MAX($H$2:$H$6)-MIN($H$2:$H$6)), (K6-MIN($K$2:$K$6))/(MAX($K$2:$K$6)-MIN($K$2:$K$6)) ) * 100,0) -> 67
